lethal,1
created,1
lapel,1
chemical,2
Two-Face,1
Troy,1
Dark,1
writing,1
bright,1
responsibility,1
have,1
contribution.,1
hair,1
1970s.,1
television,1
allies,1
been,3
goofy,1
first,1
who,2
Heath,1
Cesar,1
ever,1
April,2
inspire,1
late,1
instead,1
collectible,1
Robinson,3
sadistic,1
game,1
"by	",1
his,11
origin,1
Hood[2],1
supervillain,1
paralysis,1
second,1
Woman.,1
items,1
villains,1
First,1
voice.,1
Comics.,1
works,1
into,1
as,7
waste,1
clothing,1
tank,1
Publication,1
appeared,1
prankster,1
joy,1
design,
debut,1
"appearance	Batman",1
returning,1
involves,1
2008);,1
villainous,1
published,1
initial,1
structures,1
Penguin,1
planned,1
#1,1
Comics,3
portrayed,1
"affiliations	",1
Created,1
"aliases	Red",1
nemesis,1
culture,1
is,5
insane.,1
Jerry,2
sometimes,1
Jared,1
mastermind,1
one,1
with,2
sense,1
Gotham,1
groups,1
personality,1
1940)[1],1
using,1
regulation,1
superhuman,1
appearance,2
possesses,1
Robin,1
mastermind.,1
Although,2
has,6
Expert,1
due,1
primary,1
him,3
park,1
among,1
Leto,1
other,2
Uses,1
heroes,1
becomes,1
Squad,1
considered,1
1950s,1
1990s,1
turns,1
One,1
Suicide,1
concoctions,1
As,1
information,2
Alex,1
disfigurement,1
,4
red;,1
interest,1
ward?and,1
Injustice,4
chaos.,1
antithesis,1
created.,1
weaponized,1
desire,1
defining,1
archenemy,1
"Publisher	DC",1
often,1
lips,1
characters,2
props,1
playing,1
media.,1
variety,1
abilities,1
flowers.,1
became,1
weaponry,1
The,12
others,1
Finger,1
such,2
obsession,1
acknowledging,1
thematic,1
common,1
he,1
Ross,1
supervillains,1
engineering,1
bleaches,1
seen,1
resulting,1
Joaquin,1
these,1
theme,1
poisonous,1
the,29
book,3
part,1
most,2
spared,1
provided,1
be,3
Batman,4
including,4
falling,1
listed,1
Joker,16
story,1
attractions),
superhero's,1
real-world,1
but,1
series,1
character's,2
during,3
animated,1
Introduced,1
Credit,1
critics,1
had,1
editorial,1
intervention,1
possible,1
Finger's,1
perfect,1
"Abilities	",1
while,1
allowing,1
League,1
before,1
2019).,1
criminal,1
2016);,1
Wonder,1
acid-spraying,1
on,1
disputed;,1
Team,1
Gordon.,1
Kane,1
warped,1
white,1
serve,1
killed,1
Batman.,1
appearances,1
Knight,1
or,1
green,1
adversary,1
League,1
humor,1
Ledger,1
City,1
Todd?the,1
referenced,1
In-story,1
of,13
introduced,1
Gang,2
roots,1
decades,1
superhero,1
appearances.,1
claimed,1
cards,1
collapse,1
live-action,1
Kane,2
video,1
greatest,1
Notable,1
Criminal,1
iconic,1
-1940,1
adapted,1
stories,1
which,1
murder,1
also,1
for,4
character,2
DC,1
Finger,1
romantic,1
Code,1
DC,1
popularity,1
character).jpg,1
Barbara,1
issue,1
former,1
Batman's,4
was,2
Mark,1
popular,1
toxins,1
no,1
1960s,1
off,1
Quinn,
by,8
like,1
fought,1
early,1
Hamill,
appear,1
drives,1
deadly,1
25,
Bill,2
buzzers,
Batman,
played,1
number,1
comic,3
stories,
in,14
endure,1
Art,1
develop,1
1989);,1
In,1
Romero),1
such,1
relationships,1
creation,1
films,1
skin,1
Authority,
Superman,1
Joker's,3
Jason,1
various,1
fictional,2
Phoenix,1
a,9
incarnations,
sidekick.,1
to,8
unbridled,1
razor-tipped,1
psychiatrist,
Nicholson,1
adversary.,1
chemist,1
Baker,
and,20
darker,1
merchandise,
response,1
psychopath,1
Harley,1
expertise,1
Bob,2
Jack,1
